<?xml version="1.0" encoding="UTF-8"?>
<project-private xmlns="http://www.netbeans.org/ns/project-private/1">
    <editor-bookmarks xmlns="http://www.netbeans.org/ns/editor-bookmarks/2" lastBookmarkId="0"/>
    <open-files xmlns="http://www.netbeans.org/ns/projectui-open-files/2">
        <group>
            <file>file:/C:/Users/Home/Desktop/U.Fidelitas/IV%20CUATRI/Estructura%20datos/proyectofina_fidness/src/com/mycompany/proyectofinal_fidness/Main.java</file>
            <file>file:/C:/Users/Home/Desktop/U.Fidelitas/IV%20CUATRI/Estructura%20datos/proyectofina_fidness/src/com/mycompany/proyectofinal_fidness/view/RutinaListCellRenderer.java</file>
            <file>file:/C:/Users/Home/Desktop/U.Fidelitas/IV%20CUATRI/Estructura%20datos/proyectofina_fidness/src/com/mycompany/proyectofinal_fidness/dao/UsuarioDAO.java</file>
            <file>file:/C:/Users/Home/Desktop/U.Fidelitas/IV%20CUATRI/Estructura%20datos/proyectofina_fidness/src/com/mycompany/proyectofinal_fidness/dao/RutinaDAO.java</file>
            <file>file:/C:/Users/Home/Desktop/U.Fidelitas/IV%20CUATRI/Estructura%20datos/proyectofina_fidness/src/com/mycompany/proyectofinal_fidness/view/MainFrame.java</file>
            <file>file:/C:/Users/Home/Desktop/U.Fidelitas/IV%20CUATRI/Estructura%20datos/proyectofina_fidness/src/com/mycompany/proyectofinal_fidness/model/Usuario.java</file>
            <file>file:/C:/Users/Home/Desktop/U.Fidelitas/IV%20CUATRI/Estructura%20datos/proyectofina_fidness/src/com/mycompany/proyectofinal_fidness/view/LoginFrame.java</file>
            <file>file:/C:/Users/Home/Desktop/U.Fidelitas/IV%20CUATRI/Estructura%20datos/proyectofina_fidness/src/com/mycompany/proyectofinal_fidness/model/Rutina.java</file>
            <file>file:/C:/Users/Home/Desktop/U.Fidelitas/IV%20CUATRI/Estructura%20datos/proyectofina_fidness/src/com/mycompany/proyectofinal_fidness/view/VerRutinasFrame.java</file>
            <file>file:/C:/Users/Home/Desktop/U.Fidelitas/IV%20CUATRI/Estructura%20datos/proyectofina_fidness/src/com/mycompany/proyectofinal_fidness/dao/EjercicioDAO.java</file>
            <file>file:/C:/Users/Home/Desktop/U.Fidelitas/IV%20CUATRI/Estructura%20datos/proyectofina_fidness/src/com/mycompany/proyectofinal_fidness/model/Ejercicio.java</file>
            <file>file:/C:/Users/Home/Desktop/U.Fidelitas/IV%20CUATRI/Estructura%20datos/proyectofina_fidness/src/com/mycompany/proyectofinal_fidness/view/EjercicioListCellRenderer.java</file>
            <file>file:/C:/Users/Home/Desktop/U.Fidelitas/IV%20CUATRI/Estructura%20datos/proyectofina_fidness/src/com/mycompany/proyectofinal_fidness/view/EjercicioFrame.java</file>
            <file>file:/C:/Users/Home/Desktop/U.Fidelitas/IV%20CUATRI/Estructura%20datos/proyectofina_fidness/src/com/mycompany/proyectofinal_fidness/view/RutinaFrame.java</file>
            <file>file:/C:/Users/Home/Desktop/U.Fidelitas/IV%20CUATRI/Estructura%20datos/proyectofina_fidness/src/com/mycompany/proyectofinal_fidness/util/ConexionDB.java</file>
        </group>
    </open-files>
</project-private>
